embarked,stotal_passengers,survivors,survivor_rate
C,267,150,0.5617977528089888
Q,122,44,0.36065573770491804
S,908,305,0.33590308370044053
