family,count,sum,mean
0.0,780,239,0.30641025641025643
1.0,234,126,0.5384615384615384
2.0,158,89,0.5632911392405063
3.0,43,30,0.6976744186046512
4.0,22,6,0.2727272727272727
5.0,25,5,0.2
6.0,16,4,0.25
7.0,8,0,0.0
10.0,11,0,0.0
