pclass,gender,count,sum,mean
1,female,144,139,0.9652777777777778
1,male,179,61,0.3407821229050279
2,female,106,94,0.8867924528301887
2,male,172,25,0.14534883720930233
3,female,213,105,0.49295774647887325
3,male,483,75,0.15527950310559005
