,gender,count,sum,mean
0,female,463,338,0.7300215982721382
1,male,834,161,0.19304556354916066
