embarked,fare
C,62.90132846441947
Q,12.448190983606558
S,27.726980947136564
