pclass,fare
1,87.50899164086687
2,21.22171726618705
3,13.397113505747125
