pclass,survivor_count,survivor_sum,survivor_rate
1,323,200,0.6191950464396285
2,278,119,0.42805755395683454
3,696,180,0.25862068965517243
